label,text
1,"Your free ringtone is waiting to be collected. Simply text the password ""MIX"" to 85069 to verify. Get Usher and Britney. FML, PO Box 5249, MK17 92H. 450Ppw 16"
1,"Did you hear about the new ""Divorce Barbie""? It comes with all of Ken's stuff!"
0,am up to my eyes in philosophy
1,500 free text msgs. Just text ok to 80488 and we'll credit your account
0,He said i look pretty wif long hair wat. But i thk he's cutting quite short 4 me leh.
0,Webpage s not available!
0,"Night has ended for another day, morning has come in a special way. May you smile like the sunny rays and leaves your worries at the blue blue bay."
1,Customer service annoncement. You have a New Years delivery waiting for you. Please call 07046744435 now to arrange delivery
1,You will recieve your tone within the next 24hrs. For Terms and conditions please see Channel U Teletext Pg 750
0,Ok.
0,YO YO YO BYATCH WHASSUP?
0,Going to take your babe out ?
0,Even if he my friend he is a priest call him now
1,U have a secret admirer. REVEAL who thinks U R So special. Call 09065174042. To opt out Reply REVEAL STOP. 1.50 per msg recd. Cust care 07821230901
0,No that just means you have a fat head
0,I think the other two still need to get cash but we can def be ready by 9
0,Leaving to qatar tonite in search of an opportunity.all went fast.pls add me in ur prayers dear.Rakhesh
1,Please CALL 08712402779 immediately as there is an urgent message waiting for you
1,Please CALL 08712402972 immediately as there is an urgent message waiting for you
0,"Sorry, I'll call later"
1,"Hey Boys. Want hot XXX pics sent direct 2 ur phone? Txt PORN to 69855, 24Hrs free and then just 50p per day. To stop text STOPBCM SF WC1N3XX"
1,"HOT LIVE FANTASIES call now 08707500020 Just 20p per min NTT Ltd, PO Box 1327 Croydon CR9 5WB 0870 is a national rate call"
1,RCT' THNQ Adrian for U text. Rgds Vatian
0,Cool. So how come you havent been wined and dined before?
0,Okay but i thought you were the expert
1,Your next amazing xxx PICSFREE1 video will be sent to you enjoy! If one vid is not enough for 2day text back the keyword PICSFREE1 to get the next video.
0,I'm already back home so no probably not
0,Dont pick up d call when something important is There to tell. Hrishi
1,As one of our registered subscribers u can enter the draw 4 a 100 G.B. gift voucher by replying with ENTER. To unsubscribe text STOP
0,HI ITS JESS I DONT KNOW IF YOU ARE AT WORK BUT CALL ME WHEN U CAN IM AT HOME ALL EVE. XXX
0,I cant pick the phone right now. Pls send a message
1,3. You have received your mobile content. Enjoy
1,New TEXTBUDDY Chat 2 horny guys in ur area 4 just 25p Free 2 receive Search postcode or at gaytextbuddy.com. TXT ONE name to 89693. 08715500022 rpl Stop 2 cnl
0,How are you holding up?
0,Leave it. U will always be ignorant.
1,"Congrats! 2 mobile 3G Videophones R yours. call 09061744553 now! videochat wid ur mates, play java games, Dload polyH music, noline rentl. bx420. ip4. 5we. 150pm"
0,Oi. Ami parchi na re. Kicchu kaaj korte iccha korche na. Phone ta tul na. Plz. Plz.
0,Did you show him and wot did he say or could u not c him 4 dust?
0,In that case I guess I'll see you at campus lodge
0,"""Hey sorry I didntgive ya a a bellearlier hunny,just been in bedbut mite go 2 thepub l8tr if uwana mt up?loads a luv Jenxxx."""
0,Ok no prob. Take ur time.
0,Gud ni8.swt drms.take care
1,Get a FREE mobile video player FREE movie. To collect text GO to 89105. Its free! Extra films can be ordered t's and c's apply. 18 yrs only
0,Tomorrow i am not going to theatre. . . So i can come wherever u call me. . . Tell me where and when to come tomorrow
0,Are u coming to the funeral home
1,You have 1 new voicemail. Please call 08719181503
1,Do you want a new Video handset? 750 any time any network mins? UNLIMITED TEXT? Camcorder? Reply or Call now 08000930705 for del Sat AM
0,"Call me. I m unable to cal. Lets meet bhaskar, and deep"
1,"Hi this is Amy, we will be sending you a free phone number in a couple of days, which will give you an access to all the adult parties..."
1,"HOT LIVE FANTASIES call now 08707509020 Just 20p per min NTT Ltd, PO Box 1327 Croydon CR9 5WB 0870 is a national rate call"
1,"Congrats 2 mobile 3G Videophones R yours. call 09063458130 now! videochat wid ur mates, play java games, Dload polypH music, noline rentl. bx420. ip4. 5we. 150p"
1,We tried to contact you re your reply to our offer of a Video Phone 750 anytime any network mins Half Price Line Rental Camcorder Reply or call 08000930705
0,THANX4 TODAY CER IT WAS NICE 2 CATCH UP BUT WE AVE 2 FIND MORE TIME MORE OFTEN OH WELL TAKE CARE C U SOON.C
0,That means get the door
1,"Thank you, winner notified by sms. Good Luck! No future marketing reply STOP to 84122 customer services 08450542832"
1,"Hi babe its Jordan, how r u? Im home from abroad and lonely, text me back if u wanna chat xxSP visionsms.com Text stop to stopCost 150p 08712400603"
1,SMS SERVICES For your inclusive text credits pls gotto www.comuk.net login 3qxj9 unsubscribe with STOP no extra charge help 08702840625 comuk.220cm2 9AE
0,"K, I might come by tonight then if my class lets out early"
1,Someonone you know is trying to contact you via our dating service! To find out who it could be call from your mobile or landline 09064015307 BOX334SK38ch
1,"Get 3 Lions England tone, reply lionm 4 mono or lionp 4 poly. 4 more go 2 www.ringtones.co.uk, the original n best. Tones 3GBP network operator rates apply"
1,ROMCAPspam Everyone around should be responding well to your presence since you are so warm and outgoing. You are bringing in a real breath of sunshine.
1,Loans for any purpose even if you have Bad Credit! Tenants Welcome. Call NoWorriesLoans.com on 08717111821
1,Sexy Singles are waiting for you! Text your AGE followed by your GENDER as wither M or F E.G.23F. For gay men text your AGE followed by a G. e.g.23G.
1,"Thanks for your ringtone order, reference number X29. Your mobile will be charged 4.50. Should your tone not arrive please call customer services 09065989180"
0,"Just sent again. Do you scream and moan in bed, princess?"
1,We tried to contact you re our offer of New Video Phone 750 anytime any network mins HALF PRICE Rental camcorder call 08000930705 or reply for delivery Wed
0,"Gud gud..k, chikku tke care.. sleep well gud nyt"
0,NOT MUCH NO FIGHTS. IT WAS A GOOD NITE!!
0,"If i let you do this, i want you in the house by 8am."
1,Talk sexy!! Make new friends or fall in love in the worlds most discreet text dating service. Just text VIP to 83110 and see who you could meet.
0,Yeah he got in at 2 and was v apologetic. n had fallen out and she was actin like spoilt child and he got caught up in that. Till 2! But we won't go there! Not doing too badly cheers. You?
0,Yar lor... Keep raining non stop... Or u wan 2 go elsewhere?
1,"Someone U know has asked our dating service 2 contact you! Cant guess who? CALL 09058095107 NOW all will be revealed. POBox 7, S3XY 150p"
0,Ok. No wahala. Just remember that a friend in need ...
1,Todays Voda numbers ending 5226 are selected to receive a ?350 award. If you hava a match please call 08712300220 quoting claim code 1131 standard rates app
0,Will you be here for food
0,I not busy juz dun wan 2 go so early.. Hee..
1,Good Luck! Draw takes place 28th Feb 06. Good Luck! For removal send STOP to 87239 customer services 08708034412
1,Monthly password for wap. mobsi.com is 391784. Use your wap phone not PC.
1,"Want to funk up ur fone with a weekly new tone reply TONES2U 2 this text. www.ringtones.co.uk, the original n best. Tones 3GBP network operator rates apply"
1,"Thanks for your Ringtone Order, Reference T91. You will be charged GBP 4 per week. You can unsubscribe at anytime by calling customer services on 09057039994"
1,"Someone has contacted our dating service and entered your phone becausethey fancy you! To find out who it is call from a landline 09058098002. PoBox1, W14RG 150p"
0,I wont. So wat's wit the guys
0,That's ok. I popped in to ask bout something and she said you'd been in. Are you around tonght wen this girl comes?
0,Cheers for the card ... Is it that time of year already?
1,"You have won ?1,000 cash or a ?2,000 prize! To claim, call09050000327"
0,PICK UR FONE UP NOW U DUMB?
0,So now my dad is gonna call after he gets out of work and ask all these crazy questions.
0,Hows that watch resizing
0,Moji just informed me that you saved our lives. Thanks.
1,Save money on wedding lingerie at www.bridal.petticoatdreams.co.uk Choose from a superb selection with national delivery. Brought to you by WeddingFriend
0,Did u find out what time the bus is at coz i need to sort some stuff out.
0,Just sing HU. I think its also important to find someone female that know the place well preferably a citizen that is also smart to help you navigate through. Even things like choosing a phone plan require guidance. When in doubt ask especially girls.
0,"Yeah, probably but not sure. Ilol let u know, but personally I wuldnt bother, then again if ur goin to then I mite as well!!"
0,Ok both our days. So what are you making for dinner tonite? Am I invited?
1,Here is your discount code RP176781. To stop further messages reply stop. www.regalportfolio.co.uk. Customer Services 08717205546
1,"You are being contacted by our dating service by someone you know! To find out who it is, call from a land line 09050000928. PoBox45W2TG150P"
0,Doing my masters. When will you buy a bb cos i have for sale and how's bf
0,Hey no I ad a crap nite was borin without ya 2 boggy with me u boring biatch! Thanx but u wait til nxt time il ave ya
1,You have 1 new message. Please call 08712400200.
0,I thk u dun haf 2 hint in e forum already lor... Cos i told ron n darren is going 2 tell shuhui.
0,Ha... Then we must walk to everywhere... Cannot take tram. My cousin said can walk to vic market from our hotel
0,"Ya tel, wats ur problem.."
0,You're right I have now that I think about it
1,"Congrats! 2 mobile 3G Videophones R yours. call 09061744553 now! videochat wid ur mates, play java games, Dload polyH music, noline rentl. bx420. ip4. 5we. 150pm"
0,I'm so in love with you. I'm excited each day i spend with you. You make me so happy.
0,"Come to mu, we're sorting out our narcotics situation"
0,Meet after lunch la...
0,"Alright, we're all set here, text the man"
1,Hello. We need some posh birds and chaps to user trial prods for champneys. Can i put you down? I need your address and dob asap. Ta r
1,"Your free ringtone is waiting to be collected. Simply text the password ""MIX"" to 85069 to verify. Get Usher and Britney. FML, PO Box 5249, MK17 92H. 450Ppw 16"
1,We currently have a message awaiting your collection. To collect your message just call 08718723815.
1,"Get 3 Lions England tone, reply lionm 4 mono or lionp 4 poly. 4 more go 2 www.ringtones.co.uk, the original n best. Tones 3GBP network operator rates apply."
0,Pls give her the food preferably pap very slowly with loads of sugar. You can take up to an hour to give it. And then some water. Very very slowly.
1,Our records indicate u maybe entitled to 5000 pounds in compensation for the Accident you had. To claim 4 free reply with CLAIM to this msg. 2 stop txt STOP
0,I WILL CAL YOU SIR. In meeting
0,Yar else i'll thk of all sorts of funny things.
1,Your unique user ID is 1172. For removal send STOP to 87239 customer services 08708034412
0,Who u talking about?
1,"You are being contacted by our dating service by someone you know! To find out who it is, call from a land line 09050000878. PoBox45W2TG150P"
1,New TEXTBUDDY Chat 2 horny guys in ur area 4 just 25p Free 2 receive Search postcode or at gaytextbuddy.com. TXT ONE name to 89693
1,"Hack Chat. Get backdoor entry into 121 chat rooms at a fraction of the cost. Reply NEO69 or call 09050280520, to subscribe 25p pm. DPS, Bcm box 8027 Ldn, wc1n3xx"
1,Dear Voucher Holder 2 claim your 1st class airport lounge passes when using Your holiday voucher call 08704439680. When booking quote 1st class x 2
1,"Hi, the SEXYCHAT girls are waiting for you to text them. Text now for a great night chatting. send STOP to stop this service"
0,have you ever had one foot before?
1,Not heard from U4 a while. Call 4 rude chat private line 01223585334 to cum. Wan 2C pics of me gettin shagged then text PIX to 8552. 2End send STOP 8552 SAM xxx
0,I love u 2 my little pocy bell I am sorry but I love u
1,88800 and 89034 are premium phone services call 08718711108
1,Sunshine Quiz! Win a super Sony DVD recorder if you canname the capital of Australia? Text MQUIZ to 82277. B
1,You have 1 new voicemail. Please call 08719181513.
1,You will be receiving this week's Triple Echo ringtone shortly. Enjoy it!
0,Meeting u is my work. . . Tel me when shall i do my work tomorrow
0,Enjoy ur life. . Good night
1,Our brand new mobile music service is now live. The free music player will arrive shortly. Just install on your phone to browse content from the top artists.
1,You have an important customer service announcement from PREMIER.
1,"We know someone who you know that fancies you. Call 09058097218 to find out who. POBox 6, LS15HB 150p"
0,"Wen ur lovable bcums angry wid u, dnt take it seriously.. Coz being angry is d most childish n true way of showing deep affection, care n luv!.. kettoda manda... Have nice day da."
1,Not heard from U4 a while. Call me now am here all night with just my knickers on. Make me beg for it like U did last time 01223585236 XX Luv Nikiyu4.net
0,Ugh fuck it I'm resubbing to eve
1,"Our dating service has been asked 2 contact U by someone shy! CALL 09058091870 NOW all will be revealed. POBox84, M26 3UZ 150p"
1,Text PASS to 69669 to collect your polyphonic ringtones. Normal gprs charges apply only. Enjoy your tones
1,Money i have won wining number 946 wot do i do next
1,"all the lastest from Stereophonics, Marley, Dizzee Racal, Libertines and The Strokes! Win Nookii games with Flirt!! Click TheMob WAP Bookmark or text WAP to 82468"
1,"Congrats! 2 mobile 3G Videophones R yours. call 09063458130 now! videochat wid your mates, play java games, Dload polyPH music, noline rentl."
0,Huh y lei...
0,At 4. Let's go to bill millers
0,Have you seen who's back at Holby?!
1,Filthy stories and GIRLS waiting for your
0,U still painting ur wall?
1,Please CALL 08712402902 immediately as there is an urgent message waiting for you.
1,You have an important customer service announcement. Call FREEPHONE 0800 542 0825 now!
0,Tell them the drug dealer's getting impatient
0,"Hmm ok, i'll stay for like an hour cos my eye is really sore!"
0,Why you Dint come with us.
0,Hahaha..use your brain dear
1,Welcome! Please reply with your AGE and GENDER to begin. e.g 24M
0,For many things its an antibiotic and it can be used for chest abdomen and gynae infections even bone infections.
1,Are you unique enough? Find out from 30th August. www.areyouunique.co.uk
1,Fancy a shag? I do.Interested? sextextuk.com txt XXUK SUZY to 69876. Txts cost 1.50 per msg. TnCs on website. X
0,Are you planning to come chennai?
1,"HOT LIVE FANTASIES call now 08707509020 Just 20p per min NTT Ltd, PO Box 1327 Croydon CR9 5WB 0870..k"
1,"Hello darling how are you today? I would love to have a chat, why dont you tell me what you look like and what you are in to sexy?"
0,WHO ARE YOU SEEING?
1,Someone has conacted our dating service and entered your phone because they fancy you!To find out who it is call from landline 09111030116. PoBox12n146tf15
0,Rightio. 11.48 it is then. Well arent we all up bright and early this morning.
1,This message is brought to you by GMW Ltd. and is not connected to the
1,"Will u meet ur dream partner soon? Is ur career off 2 a flyng start? 2 find out free, txt HORO followed by ur star sign, e. g. HORO ARIES"
0,Ok leave no need to ask
0,"Don't worry though, I understand how important it is that I be put in my place with a poorly thought out punishment in the face of the worst thing that has ever happened to me. Brb gonna go kill myself"
0,What you thinked about me. First time you saw me in class.
1,You have an important customer service announcement. Call FREEPHONE 0800 542 0825 now!
0,"K I'll head out in a few mins, see you there"
1,Summers finally here! Fancy a chat or flirt with sexy singles in yr area? To get MATCHED up just reply SUMMER now. Free 2 Join. OptOut txt STOP Help08714742804
0,What do u want when i come back?.a beautiful necklace as a token of my heart for you.thats what i will give but ONLY to MY WIFE OF MY LIKING.BE THAT AND SEE..NO ONE can give you that.dont call me.i will wait till i come.
1,You have an important customer service announcement from PREMIER. Call FREEPHONE 0800 542 0578 now!
0,U should have made an appointment
0,"""HEY HEY WERETHE MONKEESPEOPLE SAY WE MONKEYAROUND! HOWDY GORGEOUS, HOWU DOIN? FOUNDURSELF A JOBYET SAUSAGE?LOVE JEN XXX"""
1,Adult 18 Content Your video will be with you shortly
1,Do you want 750 anytime any network mins 150 text and a NEW VIDEO phone for only five pounds per week call 08002888812 or reply for delivery tomorrow
1,How come it takes so little time for a child who is afraid of the dark to become a teenager who wants to stay out all night?
0,"Yeah there's barely enough room for the two of us, x has too many fucking shoes. Sorry man, see you later"
0,Today am going to college so am not able to atten the class.
1,we tried to contact you re your response to our offer of a new nokia fone and camcorder hit reply or call 08000930705 for delivery
0,I dont understand your message.
0,"""Are you comingdown later?"""
1,PRIVATE! Your 2003 Account Statement for 078
0,"He is impossible to argue with and he always treats me like his sub, like he never released me ... Which he did and I will remind him of that if necessary"
1,"Hottest pics straight to your phone!! See me getting Wet and Wanting, just for you xx Text PICS to 89555 now! txt costs 150p textoperator g696ga 18 XxX"
0,"Yeah, don't go to bed, I'll be back before midnight"
1,Had your mobile 11 months or more? U R entitled to Update to the latest colour mobiles with camera for Free! Call The Mobile Update Co FREE on 08002986030
1,"accordingly. I repeat, just text the word ok on your mobile phone and send"
0,Neva mind it's ok..
1,We tried to call you re your reply to our sms for a video mobile 750 mins UNLIMITED TEXT free camcorder Reply or call now 08000930705 Del Thurs
0,They r giving a second chance to rahul dengra.
1,22 days to kick off! For Euro2004 U will be kept up to date with the latest news and results daily. To be removed send GET TXT STOP to 83222
0,K fyi x has a ride early tomorrow morning but he's crashing at our place tonight
0,Sos! Any amount i can get pls.
0,Sitting in mu waiting for everyone to get out of my suite so I can take a shower
0,"Wen ur lovable bcums angry wid u, dnt take it seriously.. Coz being angry is d most childish n true way of showing deep affection, care n luv!.. kettoda manda... Have nice day da."
1,"Someone U know has asked our dating service 2 contact you! Cant Guess who? CALL 09058097189 NOW all will be revealed. POBox 6, LS15HB 150p"
1,Would you like to see my XXX pics they are so hot they were nearly banned in the uk!
1,"For your chance to WIN a FREE Bluetooth Headset then simply reply back with ""ADP"""
0,Thanks for your message. I really appreciate your sacrifice. I'm not sure of the process of direct pay but will find out on my way back from the test tomorrow. I'm in class now. Do have a wonderful day.
1,Call Germany for only 1 pence per minute! Call from a fixed line via access number 0844 861 85 85. No prepayment. Direct access! www.telediscount.co.uk
1,"HOT LIVE FANTASIES call now 08707509020 Just 20p per min NTT Ltd, PO Box 1327 Croydon CR9 5WB 0870 is a national rate call"
1,Want a new Video Phone? 750 anytime any network mins? Half price line rental free text for 3 months? Reply or call 08000930705 for free delivery
0,"Me also da, i feel yesterday night  wait til 2day night dear."
1,Married local women looking for discreet action now! 5 real matches instantly to your phone. Text MATCH to 69969 Msg cost 150p 2 stop txt stop BCMSFWC1N3XX
0,CHEERS LOU! YEAH WAS A GOODNITE SHAME U NEVA CAME! C YA GAILxx
0,"wow. You're right! I didn't mean to do that. I guess once i gave up on boston men and changed my search location to nyc, something changed. Cuz on my signin page it still says boston."
0,All e best 4 ur exam later.
1,Get a brand new mobile phone by being an agent of The Mob! Plus loads more goodies! For more info just text MAT to 87021.
1,Call Germany for only 1 pence per minute! Call from a fixed line via access number 0844 861 85 85. No prepayment. Direct access!
1,You have 1 new message. Please call 08718738034.
1,"Claim a 200 shopping spree, just call 08717895698 now! Have you won! MobStoreQuiz10ppm"
0,Well I might not come then...
0,U GOIN OUT 2NITE?
1,"Sunshine Hols. To claim ur med holiday send a stamped self address envelope to Drinks on Us UK, PO Box 113, Bray, Wicklow, Eire. Quiz Starts Saturday! Unsub Stop"
0,MAYBE IF YOU WOKE UP BEFORE FUCKING 3 THIS WOULDN'T BE A PROBLEM.
0,Here got ur favorite oyster... N got my favorite sashimi... Ok lar i dun say already... Wait ur stomach start rumbling...
1,"Welcome to Select, an O2 service with added benefits. You can now call our specially trained advisors FREE from your mobile by dialling 402."
0,"Haha awesome, I've been to 4u a couple times. Who all's coming?"
0,She's fine. Sends her greetings
1,thesmszone.com lets you send free anonymous and masked messages..im sending this message from there..do you see the potential for abuse???
0,I'm serious. You are in the money base
0,Thats cool. How was your day?
1,You have 1 new voicemail. Please call 08719181513.
1,"FreeMsg Why haven't you replied to my text? I'm Randy, sexy, female and live local. Luv to hear from u. Netcollex Ltd 08700621170150p per msg reply Stop to end"
0,Ok lor. I ned 2 go toa payoh 4 a while 2 return smth u wan 2 send me there or wat?
0,See the forwarding message for proof
1,Someone U know has asked our dating service 2 contact you! Cant Guess who? CALL 09058091854 NOW all will be revealed. PO BOX385 M6 6WU
1,Not heard from U4 a while. Call 4 rude chat private line 01223585334 to cum. Wan 2C pics of me gettin shagged then text PIX to 8552. 2End send STOP 8552 SAM xxx
1,Had your mobile 11 months or more? U R entitled to Update to the latest colour mobiles with camera for Free! Call The Mobile Update Co FREE on 08002986030
0,"K, text me when you're on the way"
1,ringtoneking 84484
0,Customer place i will call you.
0,"K, can I pick up another 8th when you're done?"
1,"Do you ever notice that when you're driving, anyone going slower than you is an idiot and everyone driving faster than you is a maniac?"
1,Call FREEPHONE 0800 542 0578 now!
1,it to 80488. Your 500 free text messages are valid until 31 December 2005.
0,Ok lor... Sony ericsson salesman... I ask shuhui then she say quite gd 2 use so i considering...
1,Sorry I missed your call let's talk when you have the time. I'm on 07090201529
1,You have 1 new message. Please call 08715205273
1,"Want to funk up ur fone with a weekly new tone reply TONES2U 2 this text. www.ringtones.co.uk, the original n best. Tones 3GBP network operator rates apply"
1,Bought one ringtone and now getting texts costing 3 pound offering more tones etc
0,Text her. If she doesnt reply let me know so i can have her log in
0,"I'll see if I can swing by in a bit, got some things to take care of here firsg"
0,Gudnite....tc...practice going on
1,"Thanks for your ringtone order, reference number X49.Your mobile will be charged 4.50. Should your tone not arrive please call customer services 09065989182"
1,18 days to Euro2004 kickoff! U will be kept informed of all the latest news and results daily. Unsubscribe send GET EURO STOP to 83222.
1,Please CALL 08712402578 immediately as there is an urgent message waiting for you
1,Thanks for the Vote. Now sing along with the stars with Karaoke on your mobile. For a FREE link just reply with SING now.
1,Hey I am really horny want to chat or see me naked text hot to 69698 text charged at 150pm to unsubscribe text stop 69698
0,In e msg jus now. U said thanks for gift.
1,88066 FROM 88066 LOST 3POUND HELP
0,Hello! Good week? Fancy a drink or something later?
1,Do you want 750 anytime any network mins 150 text and a NEW video phone for only five pounds per week call 08000776320 now or reply for delivery Tomorrow
0,How i noe... She's in da car now... Later then c lar... I'm wearing shorts...
0,How was txting and driving
0,Apo all other are mokka players only
0,"Yo carlos, a few friends are already asking me about you, you working at all this weekend?"
0,I am late. I will be there at
1,"Free msg. Sorry, a service you ordered from 81303 could not be delivered as you do not have sufficient credit. Please top up to receive the service."
0,How are you. Just checking up on you
1,We tried to contact you re your reply to our offer of a Video Handset? 750 anytime any networks mins? UNLIMITED TEXT? Camcorder? Reply or call 08000930705 NOW
0,Have a safe trip to Nigeria. Wish you happiness and very soon company to share moments with
0,Howz that persons story
1,Do you want a new video handset? 750 anytime any network mins? Half Price Line Rental? Camcorder? Reply or call 08000930705 for delivery tomorrow
1,sexy sexy cum and text me im wet and warm and ready for some porn! u up for some fun? THIS MSG IS FREE RECD MSGS 150P INC VAT 2 CANCEL TEXT STOP
0,Not yet chikku..wat abt u?
0,Gud mrng dear hav a nice day
1,Someone has contacted our dating service and entered your phone because they fancy you! To find out who it is call from a landline 09111032124 . PoBox12n146tf150p
1,"Congrats 2 mobile 3G Videophones R yours. call 09063458130 now! videochat wid ur mates, play java games, Dload polypH music, noline rentl. bx420. ip4. 5we. 150p"
0,Cancel cheyyamo?and get some money back?
1,Want the latest Video handset? 750 anytime any network mins? Half price line rental? Reply or call 08000930705 for delivery tomorrow
1,"HOT LIVE FANTASIES call now 08707509020 Just 20p per min NTT Ltd, PO Box 1327 Croydon CR9 5WB 0870..k"
0,"Come to me right now, Ahmad"
0,"Actually fuck that, just do whatever, do find an excuse to be in tampa at some point before january though"
1,"Do you realize that in about 40 years, we'll have thousands of old ladies running around with tattoos?"
1,Dear U've been invited to XCHAT. This is our final attempt to contact u! Txt CHAT to 86688
1,Santa Calling! Would your little ones like a call from Santa Xmas eve? Call 09058094583 to book your time.
1,18 days to Euro2004 kickoff! U will be kept informed of all the latest news and results daily. Unsubscribe send GET EURO STOP to 83222.
1,We tried to contact you re your reply to our offer of 750 mins 150 textand a new video phone call 08002988890 now or reply for free delivery tomorrow
0,I hate when she does this. She turns what should be a fun shopping trip into an annoying day of how everything would look in her house.
0,I will once i get home
1,U have a secret admirer. REVEAL who thinks U R So special. Call 09065174042. To opt out Reply REVEAL STOP. 1.50 per msg recd. Cust care 07821230901
1,Do you want a new Video phone? 600 anytime any network mins 400 Inclusive Video calls AND downloads 5 per week Free delTOMORROW call 08002888812 or reply NOW
0,"Sorry, my battery died, I can come by but I'm only getting a gram for now, where's your place?"
1,We tried to contact you re your reply to our offer of a Video Handset? 750 anytime networks mins? UNLIMITED TEXT? Camcorder? Reply or call 08000930705 NOW
1,Missed call alert. These numbers called but left no message. 07008009200
1,Dont forget you can place as many FREE Requests with 1stchoice.co.uk as you wish. For more Information call 08707808226.
1,Do you want a NEW video phone750 anytime any network mins 150 text for only five pounds per week call 08000776320 now or reply for delivery tomorrow
0,Unfortunately i've just found out that we have to pick my sister up from the airport that evening so don't think i'll be going out at all. We should try to go out one of th
0,I asked sen to come chennai and search for job.
0,"Kind of. Just missed train cos of asthma attack, nxt one in half hr so driving in. not sure where to park."
0,Send me your id and password
0,No problem. Talk to you later
1,"Sunshine Hols. To claim ur med holiday send a stamped self address envelope to Drinks on Us UK, PO Box 113, Bray, Wicklow, Eire. Quiz Starts Saturday! Unsub Stop"
0,Dude how do you like the buff wind.
1,"Latest News! Police station toilet stolen, cops have nothing to go on!"
0,Yeah right! I'll bring my tape measure fri!
1,Someone U know has asked our dating service 2 contact you! Cant Guess who? CALL 09058091854 NOW all will be revealed. PO BOX385 M6 6WU
0,I miss you so much I'm so desparate I have recorded the message you left for me the other day and listen to it just to hear the sound of your voice. I love you
0,I am thinking of going down to reg for pract lessons.. Flung my advance.. Haha wat time u going?
1,"You are being contacted by our Dating Service by someone you know! To find out who it is, call from your mobile or landline 09064017305 PoBox75LDNS7"
0,Don know..wait i will check it.
